{"scale": [1802.6879455293076, 6.68452766690175, 4689.494377868062, 4689.284990936837, 110.20821126421995, 100.42233034174815, 6.422687028115641, 4.601051767696623], "mean": [2453.3780160534598, 0.03700040498967479, 6932.902441362687, 6943.371387499279, -117.63192311926035, 105.27674659335642, 4.44112483386079, 12.815709884900969]}